sentence,logit,prediction,sentiment_score
"stranger thing captured billion hour consumer attention

investor bracing bad news streaming video company next week

stranger thing captured billion hour consumer attention

investor bracing bad news streaming video company next week

digital video maven report earnings next week two sensible way invest stock around report

netflix hit increased subscriber churn survey point nflx lower perceived value eye consumer see nflx sell

digital video maven report earnings next week two sensible way invest stock around report

netflix hit increased subscriber churn survey point nflx lower perceived value eye consumer see nflx sell

new york july prnewswire investorsobserver issue critical pricewatch alert amd xom gi amzn nflx click link choose indepth option trade idea report stock score report option report ideal trade

trading market multiple netflix might cheap enough buy

company made big announcement week

rare decline subscriber growth streaming pioneer could setting stage rebound

new york july prnewswire investorsobserver issue critical pricewatch alert amd xom gi amzn nflx click link choose indepth option trade idea report stock score report option report ideal trade

trading market multiple netflix might cheap enough buy

netflix beating disney count

company made big announcement week

rare decline subscriber growth streaming pioneer could setting stage rebound

top streaming service shareholder want see growth anything else

technology stock pummeled lately leaving investor assortment unique buying opportunity

netflix beating disney count

top streaming service shareholder want see growth anything else

technology stock pummeled lately leaving investor assortment unique buying opportunity

streaming pioneer partnering microsoft adsupported service

streaming pioneer partnering microsoft adsupported service

expectation low heading tuesday afternoon quarterly update nt take much turn sentiment around

ol li tesla netflix earnings gamestop stock split existing home sale top week ahead fox business li li dow future jump point busy week earnings kick cnbc li li stock buy stock dump week johnson johnson

tesla netflix earnings gamestop stock split existing home sale top week aheadfox business dow future jump point busy week earnings kick offcnbc stock buy stock dump week johnson johnson snapinvestingcom monday

company make major announcement hour

expectation low heading tuesday afternoon quarterly update nt take much turn sentiment around

investor primed focus netflix subscriber loss sale outside u unhedged strong dollar exposure could hit netflix stock

sarah whitten cnbc netflix report revenue yoy v est loss subscriber v estimated loss stock jump hour netflix share jumped company said lost fewer subscriber

nearly one million customer fled streamer past quarter wall street responding positively

ol li tesla netflix earnings gamestop stock split existing home sale top week ahead fox business li li dow future jump point busy week earnings kick cnbc li li stock buy stock dump week johnson johnson

netflix lost subscriber second quarter far le million forecast three month ago

sarah whitten cnbc netflix report revenue yoy v est loss subscriber v estimated loss stock jump hour netflix share jumped company said lost fewer subscriber

stock edged higher afterhours trading tuesday following rally regular session

new york july prnewswire investorsobserver issue critical pricewatch alert tsla coin gme amd nflx click link choose indepth option trade idea report stock score report option report ideal trade

u stock future tuesday evening putting stock position build major index large daily gain netflix subscriber loss second quarter bad feared

tesla netflix earnings gamestop stock split existing home sale top week aheadfox business dow future jump point busy week earnings kick offcnbc stock buy stock dump week johnson johnson snapinvestingcom monday

streaming giant expected lose million paid user second quarter also post healthy uptick revenue

netflix inc lost fewer subscriber expected second quarter expects add even current quarter helping stock shoot higher late trading tuesday

option strategy netflix inc stock known straddle priced tuesday much bigger usual oneday move streaming video giant report secondquarter result closing bell straddle pure volatility play

netflix stock option priced oneday postearnings move orats saysmarketwatch view full coverage google news

w e received limited disclosure cannibalization rollout ad load microsoft chosen technology partner bofa analyst wrote

netflix made another acquisition time gaming studio

company make major announcement hour

streaming pioneer delivered plot twist worthy one hit show

investor primed focus netflix subscriber loss sale outside u unhedged strong dollar exposure could hit netflix stock

netflix betterthanexpected second quarter earnings yesterday company share continued recent upturn wall street analyst took side takeaway report netflix stock almost morning trading

sarah whitten cnbc netflix report revenue yoy v est loss subscriber v estimated loss stock jump hour netflix share jumped company said lost fewer subscriber

netflix stock rose wednesday despite reporting lost subscriber second quarter dade hayes deadline business editor coauthor bingetime joined cbs news discus could mean netflix moving forward

tech stock clear wall street winner wednesday thanks wellreceived earnings report netflix nflx share added tuesday big gain jumping video streaming giant reported bottomline beat second

netflix stock rose wednesday company reported losing fewer subscriber expected spring quarter projected gain coming month

nearly one million customer fled streamer past quarter wall street responding positively

analyst cheered better feared result others continue warn higher cost increased competition

stock market battle netflix subscriber growth giving way cash flow story could appeal new set investor

netflix lost subscriber second quarter far le million forecast three month ago

sarah whitten cnbc netflix report revenue yoy v est loss subscriber v estimated loss stock jump hour netflix share jumped company said lost fewer subscriber

highly expected netflix nasdaq nflx earnings numerous area cover utmost importance continue reading post netflix stock gaining momentum boosted performance appeared first finbold

stock edged higher afterhours trading tuesday following rally regular session

new york july prnewswire investorsobserver issue critical pricewatch alert tsla coin gme amd nflx click link choose indepth option trade idea report stock score report option report ideal trade

new york july prnewswire investorsobserver issue critical pricewatch alert nflx omc coin ndaq tsla click link choose indepth option trade idea report stock score report option report ideal trade

u stock future tuesday evening putting stock position build major index large daily gain netflix subscriber loss second quarter bad feared

netflix lost global subscriber second quarter much better projection loss million stock rising wednesday

share walt disney co surged afternoon trading wednesday extend recent rally toward sixweek high medium entertainment giant parent disney video streaming service getting boost netflix inc

netflix identifying way grow bottom line longer term tech stock showing sign sustainable rebound

streaming giant expected lose million paid user second quarter also post healthy uptick revenue

netflix inc lost fewer subscriber expected second quarter expects add even current quarter helping stock shoot higher late trading tuesday

option strategy netflix inc stock known straddle priced tuesday much bigger usual oneday move streaming video giant report secondquarter result closing bell straddle pure volatility play

netflix stock option priced oneday postearnings move orats saysmarketwatch view full coverage google news

w e received limited disclosure cannibalization rollout ad load microsoft chosen technology partner bofa analyst wrote

netflix made another acquisition time gaming studio

streaming pioneer delivered plot twist worthy one hit show

netflix betterthanexpected second quarter earnings yesterday company share continued recent upturn wall street analyst took side takeaway report netflix stock almost morning trading

posted betterthanexpected set result earnings coming per share versus last year driven stronger slate content release including new season flagship stranger thing show

netflix stock rose wednesday despite reporting lost subscriber second quarter dade hayes deadline business editor coauthor bingetime joined cbs news discus could mean netflix moving forward

tech stock clear wall street winner wednesday thanks wellreceived earnings report netflix nflx share added tuesday big gain jumping video streaming giant reported bottomline beat second

netflix stock rose wednesday company reported losing fewer subscriber expected spring quarter projected gain coming month

analyst cheered better feared result others continue warn higher cost increased competition

stock market battle netflix subscriber growth giving way cash flow story could appeal new set investor

highly expected netflix nasdaq nflx earnings numerous area cover utmost importance continue reading post netflix stock gaining momentum boosted performance appeared first finbold

new york july prnewswire investorsobserver issue critical pricewatch alert nflx aapl syy dg amd click link choose indepth option trade idea report stock score report option report ideal trade

new york july prnewswire investorsobserver issue critical pricewatch alert nflx omc coin ndaq tsla click link choose indepth option trade idea report stock score report option report ideal trade

netflix lost global subscriber second quarter much better projection loss million stock rising wednesday

share walt disney co surged afternoon trading wednesday extend recent rally toward sixweek high medium entertainment giant parent disney video streaming service getting boost netflix inc

netflix identifying way grow bottom line longer term tech stock showing sign sustainable rebound

netflix said lost nearly million subscriber second quarter far short million earlier warned could incur analyst bigger news netflix planning videoads investmentfirm guggenheim kindig netflix

mediastreaming company share jumped latest quarterly update

streaming video giant nt count yet

earnings update surpassed wall street low expectation

although total subscriber fell netflix loss better expected

management calling substantial free cash flow growth

evidence netflix taking market share peer fact nielsen raising netflix market share engagement put netflix lead competing subscription service read

posted betterthanexpected set result earnings coming per share versus last year driven stronger slate content release including new season flagship stranger thing show

new york july prnewswire investorsobserver issue critical pricewatch alert tsla coin fb nflx amd click link choose indepth option trade idea report stock score report option report ideal trade

new york july prnewswire investorsobserver issue critical pricewatch alert nflx aapl syy dg amd click link choose indepth option trade idea report stock score report option report ideal trade

netflix said lost nearly million subscriber second quarter far short million earlier warned could incur analyst bigger news netflix planning videoads investmentfirm guggenheim kindig netflix

mediastreaming company share jumped latest quarterly update

streaming video giant nt count yet

earnings update surpassed wall street low expectation

although total subscriber fell netflix loss better expected

management calling substantial free cash flow growth

evidence netflix taking market share peer fact nielsen raising netflix market share engagement put netflix lead competing subscription service read

new york july prnewswire investorsobserver issue critical pricewatch alert tsla coin fb nflx amd click link choose indepth option trade idea report stock score report option report ideal trade

netflix stock trading significantly higher positive secondquarter earnings report soaring share fly higher

netflix stock trading significantly higher positive secondquarter earnings report soaring share fly higher

video streaming juggernaut facing intense headwind stock price rebound long run

movie streaming leader facing headwind intense competition reduced perceived value

video streaming juggernaut facing intense headwind stock price rebound long run

movie streaming leader facing headwind intense competition reduced perceived value

netflix new adsupported platform could make break company

streaming service make good acquisition target cheap

netflix new adsupported platform could make break company

netflix loss content disney gain

streaming service make good acquisition target cheap

netflix loss content disney gain

walt disney lot teach netflix franchise

walt disney lot teach netflix franchise

netflix tech company key profitability massive data analysis generate recommendation see nflx recover

netflix gained nearly last month stock still room run much higher

peacock moment might arrived

netflix tech company key profitability massive data analysis generate recommendation see nflx recover

netflix gained nearly last month stock still room run much higher

peacock moment might arrived

new york aug prnewswire investorsobserver issue critical pricewatch alert nvda ddog xom roku nflx click link choose indepth option trade idea report stock score report option report ideal trade

new york aug prnewswire investorsobserver issue critical pricewatch alert nvda ddog xom roku nflx click link choose indepth option trade idea report stock score report option report ideal trade",[0.03727409 0.13586494 0.82686096],neutral,-0.09859085
